ID,FIRST_NAME,LAST_NAME,EMAIL,DOB,AGE,LASTTRANSACTION,DAYSSINCELASTTRANS,COMPANY,PHONE,ADDRESS,POSTALZIP,REGION,COUNTRY
1,Kline,Alisa T.,tempor.bibendum@yahoo.ca,1996-02-10,27,2022-09-21,433,N/A,448454643,Ap #671-8278 Nec St.,8386-3377,Pernambuco,United Kingdom
2,Whitney,Kaitlin T.,sapien@yahoo.org,1969-01-23,54,2022-03-15,623,N/A,481513245743,Ap #972-5338 Dignissim. Rd.,65-168,Santa Catarina,Poland
4,Bennett,Nasim Z.,elementum.sem@hotmail.org,1951-10-21,72,2021-12-21,707,Cursus Diam At Ltd,47169772165,Ap #138-7239 Integer St.,4114 DC,Mexico City,Norway
5,Brock,Alec N.,enim.nunc.ut@yahoo.couk,1999-12-30,24,2022-10-01,423,Nec Ante Blandit Company,551366269750,597-548 Egestas. Rd.,2892,Vorarlberg,Brazil
6,Golden,Lane H.,lacus.varius@outlook.net,1970-09-12,53,2022-10-01,423,Risus Associates,638811661136,518-7417 Arcu Av.,82454,San José,Philippines
7,Mayer,Dominique V.,ipsum.phasellus@aol.edu,1997-11-27,26,2022-09-01,453,Iaculis Quis Corporation,63171546824,"P.O. Box 443, 6497 Elementum, Rd.",374482,Kaluga Oblast,China
8,Whitfield,Len F.,quisque.fringilla@protonmail.org,1975-07-19,48,2022-10-12,412,Nec Ante Institute,521375483625,Ap #246-753 Arcu. Avenue,Y2L 5R6,Akwa Ibom,Mexico
9,Hyde,Angelica E.,odio.aliquam@hotmail.edu,1951-01-31,72,2022-06-19,527,Magna Limited,445508611528,Ap #671-6622 Feugiat Road,1898-8474,Hatay,United Kingdom
10,Alford,Reece S.,vel@outlook.edu,1967-10-20,56,2022-07-18,498,Amet Corporation,903069949880,"P.O. Box 427, 691 Vel Av.",43021,Sumy oblast,Turkey
11,Huber,Nora Y.,noray32@yahoo.org,1999-12-23,24,2022-05-29,548,LETNI,481515895743,Ap 10 Dignissim. Rd.,65-168,Santa Catarina,Poland
20,Sandoval,Quinlan Z.,ut@protonmail.edu,2000-05-14,23,2022-10-12,412,Suspendisse Foundation,15567878637,166-7842 Eget Road,537423,Huádōng,United States
21,Small,Gil U.,id.risus@google.ca,1994-03-17,29,2022-09-22,432,Aliquam Gravida Associates,317042618694,906-9695 Velit. Street,36362,Emilia-Romagna,Netherlands
22,Kirby,Cameron D.,nunc@hotmail.com,1989-12-01,34,2022-10-22,402,Suspendisse Foundation,1800473297,5034 Lacus. Rd.,95804,Khyber Pakhtoonkhwa,United States
23,Kline,Alisa T.,tempor.bibendum@yahoo.ca,1996-02-10,27,2022-09-21,433,N/A,448454643,Ap #671-8278 Nec St.,8386-3377,Pernambuco,United Kingdom
24,Whitney,Kaitlin T.,sapien@yahoo.org,1969-01-23,54,2022-03-15,623,N/A,481513245743,Ap #972-5338 Dignissim. Rd.,65-168,Santa Catarina,Poland
26,Bennett,Nasim Z.,elementum.sem@hotmail.org,1951-10-21,72,2021-12-21,707,Cursus Diam At Ltd,47169772165,Ap #138-7239 Integer St.,4114 DC,Mexico City,Norway
27,Brock,Alec N.,enim.nunc.ut@yahoo.couk,1999-12-30,24,2022-10-01,423,Nec Ante Blandit Company,551366269750,597-548 Egestas. Rd.,2892,Vorarlberg,Brazil
28,Golden,Lane H.,lacus.varius@outlook.net,1970-09-12,53,2022-10-01,423,Risus Associates,638811661136,518-7417 Arcu Av.,82454,San José,Philippines
29,Mayer,Dominique V.,ipsum.phasellus@aol.edu,1997-11-27,26,2022-09-01,453,Iaculis Quis Corporation,63171546824,"P.O. Box 443, 6497 Elementum, Rd.",374482,Kaluga Oblast,China
30,Whitfield,Len F.,quisque.fringilla@protonmail.org,1975-07-19,48,2022-10-12,412,Nec Ante Institute,521375483625,Ap #246-753 Arcu. Avenue,Y2L 5R6,Akwa Ibom,Mexico
31,Hyde,Angelica E.,odio.aliquam@hotmail.edu,1951-01-31,72,2022-06-19,527,Magna Limited,445508611528,Ap #671-6622 Feugiat Road,1898-8474,Hatay,United Kingdom
32,Alford,Reece S.,vel@outlook.edu,1967-10-20,56,2022-07-18,498,Amet Corporation,903069949880,"P.O. Box 427, 691 Vel Av.",43021,Sumy oblast,Turkey
33,Huber,Nora Y.,noray32@yahoo.org,1999-12-23,24,2022-05-29,548,LETNI,481515895743,Ap 10 Dignissim. Rd.,65-168,Santa Catarina,Poland
42,Sandoval,Quinlan Z.,ut@protonmail.edu,2000-05-14,23,2022-10-12,412,Suspendisse Foundation,15567878637,166-7842 Eget Road,537423,Huádōng,United States
43,Small,Gil U.,id.risus@google.ca,1994-03-17,29,2022-09-22,432,Aliquam Gravida Associates,317042618694,906-9695 Velit. Street,36362,Emilia-Romagna,Netherlands
44,Kirby,Cameron D.,nunc@hotmail.com,1989-12-01,34,2022-10-22,402,Suspendisse Foundation,1800473297,5034 Lacus. Rd.,95804,Khyber Pakhtoonkhwa,United States
